time_from_launch[s],elapsed_time[s],launch_clear?,combusting?,para_opened?,air_density[kg/m3],gravity[m/s2],pressure[Pa],temperature[C],wind_x[m/s],wind_y[m/s],wind_z[m/s],mass[kg],Cg_from_nose[m],inertia moment pitch & yaw[kg*m2],inertia moment roll[kg*m2],attack angle[rad],altitude[m],velocity[m/s],airspeed[m/s],accel[m/s2],longitudinal accel[m/s2],normal_force[N],Cnp,Cny,Cmqp,Cmqy,Cp_from_nose[m],Cd,Cna,latitude,longitude,downrange[m],Fst[%],dynamic_pressure[Pa]
0.0001,0.0001,False,True,False,1.2252256827617731,9.80665,101325.0,15.0,0,0,0,4.89398037525355,0.6448995740365112,0.5076,0.01999949290060852,0.0,0.0,0.6829189345001824,0.0,6.455286159246861,6.455286159246861,0.0,0.0,0.0,-2.0757090866339047,-2.0757090866339047,0.8411262708,0.3584865107,6.963637053,40.138624,139.984906,0.0,16.352224730290736,0.0
0.0011000000000000003,0.0011000000000000003,False,True,False,1.2252256827617731,9.80665,101325.0,15.0,0,0,0,4.893784127789049,0.6448953144016231,0.5076,0.019994421906693705,0.0,0.0,0.6829189345001824,0.0,6.8161620147046005,6.8161620147046005,0.0,0.0,0.0,-2.0757090866339047,-2.0757090866339047,0.8411262708,0.3584865107,6.963637053,40.138623999971514,139.984906,3.7127087355300894e-06,16.352579699864748,0.0
0.0021000000000000003,0.0021000000000000003,False,True,False,1.2252256827617731,9.80665,101325.0,15.0,0,0,0,4.893587880324548,0.6448910547667349,0.5076,0.01998935091277889,0.0,0.0,0.6829189345001824,0.0,6.81643536312415,6.81643536312415,0.0,0.0,0.0,-2.0757090866339047,-2.0757090866339047,0.8411262708,0.3584865107,6.963637053,40.138623999890726,139.98490599999997,1.4241552153937179e-05,16.35293466943876,0.0
0.0030999999999999986,0.0030999999999999986,False,True,False,1.2252256827617731,9.80665,101325.0,15.0,0,0,0,4.893391632860046,0.6448867951318468,0.5076,0.019984279918864076,0.0,0.0,0.6829189345001824,0.0,6.816708733468753,6.816708733468753,0.0,0.0,0.0,-2.0757090866339047,-2.0757090866339047,0.8411262708,0.3584865107,6.963637053,40.13862399975764,139.98490599999994,3.158680360144868e-05,16.35328963901277,0.0
0.004099999999999998,0.004099999999999998,False,True,False,1.2252256827617731,9.80665,101325.0,15.0,0,0,0,4.893195385395545,0.6448825354969586,0.5076,0.01997920892494926,0.0,0.0,0.6829189345001824,0.0,6.8169821257410455,6.8169821257410455,0.0,0.0,0.0,-2.0757090866339047,-2.0757090866339047,0.8411262708,0.3584865107,6.963637053,40.13862399957225,139.98490599999988,5.5748736446216776e-05,16.353644608586784,0.0
0.0051,0.0051,False,True,False,1.2252256827617731,9.80665,101325.0,15.0,0,0,0,4.892999137931044,0.6448782758620705,0.5076,0.019974137931034447,0.0,0.0,0.6829189345001824,0.0,6.817255539943667,6.817255539943667,0.0,0.0,0.0,-2.0757090866339047,-2.0757090866339047,0.8411262708,0.3584865107,6.963637053,40.13862399933456,139.98490599999982,8.672762407832111e-05,16.3539995781608,0.0
0.006100000000000003,0.006100000000000003,False,True,False,1.2252256827617731,9.80665,101325.0,15.0,0,0,0,4.892802890466543,0.6448740162271823,0.5076,0.019969066937119632,0.0,0.0,0.6829189345001824,0.0,6.817528976079257,6.817528976079257,0.0,0.0,0.0,-2.0757090866339047,-2.0757090866339047,0.8411262708,0.3584865107,6.963637053,40.13862399904457,139.98490599999977,0.0001245237399097714,16.354354547734808,0.0
0.007100000000000006,0.007100000000000006,False,True,False,1.2252256827617731,9.80665,101325.0,15.0,0,0,0,4.892606643002042,0.6448697565922942,0.5076,0.019963995943204818,0.0,0.0,0.6829189345001824,0.0,6.817802434150454,6.817802434150454,0.0,0.0,0.0,-2.0757090866339047,-2.0757090866339047,0.8411262708,0.3584865107,6.963637053,40.13862399870226,139.98490599999968,0.00016913735737450995,16.35470951730882,0.0
0.008100000000000007,0.008100000000000007,False,True,False,1.2252256827617731,9.80665,101325.0,15.0,0,0,0,4.89241039553754,0.644865496957406,0.5076,0.019958924949290004,0.0,0.0,0.6829189345001824,0.0,6.8180759141598966,6.8180759141598966,0.0,0.0,0.0,-2.0757090866339047,-2.0757090866339047,0.8411262708,0.3584865107,6.963637053,40.138623998307644,139.9849059999996,0.00022056874992841457,16.355064486882835,0.0
0.0091,0.0091,False,True,False,1.2252256827617731,9.80665,101325.0,15.0,0,0,0,4.892214148073039,0.6448612373225179,0.5076,0.01995385395537519,0.0,0.0,0.6829189345001824,0.0,6.818349416110227,6.818349416110227,0.0,0.0,0.0,-2.0757090866339047,-2.0757090866339047,0.8411262708,0.3584865107,6.963637053,40.13862399786071,139.98490599999948,0.00027881819104930096,16.355419456456847,0.0
0.010099999999999994,0.010099999999999994,False,True,False,1.2252256827617731,9.80665,101325.0,15.0,0,0,0,4.892017900608538,0.6448569776876297,0.5076,0.019948782961460375,0.0,0.0,0.6829189345001824,0.0,6.818622940004084,6.818622940004084,0.0,0.0,0.0,-2.0757090866339047,-2.0757090866339047,0.8411262708,0.3584865107,6.963637053,40.138623997361464,139.98490599999937,0.0003438859542369254,16.35577442603086,0.0
0.011099999999999988,0.011099999999999988,False,True,False,1.2252256827617731,9.80665,101325.0,15.0,0,0,0,4.891821653144037,0.6448527180527416,0.5076,0.01994371196754556,0.0,0.0,0.6829189345001824,0.0,6.81889648584411,6.81889648584411,0.0,0.0,0.0,-2.0757090866339047,-2.0757090866339047,0.8411262708,0.3584865107,6.963637053,40.138623996809905,139.98490599999923,0.0004157723130129876,16.35612939560487,0.0
0.012099999999999982,0.012099999999999982,False,True,False,1.2252256827617731,9.80665,101325.0,15.0,0,0,0,4.891625405679536,0.6448484584178534,0.5076,0.019938640973630746,0.0,0.0,0.6829189345001824,0.0,6.819170053632946,6.819170053632946,0.0,0.0,0.0,-2.0757090866339047,-2.0757090866339047,0.8411262708,0.3584865107,6.963637053,40.13862399620602,139.98490599999909,0.0004944775409211329,16.356484365178883,0.0
0.013099999999999976,0.013099999999999976,False,True,False,1.2252256827617731,9.80665,101325.0,15.0,0,0,0,4.891429158215034,0.6448441987829653,0.5076,0.01993356997971593,0.0,0.0,0.6829189345001824,0.0,6.819443643373233,6.819443643373233,0.0,0.0,0.0,-2.0757090866339047,-2.0757090866339047,0.8411262708,0.3584865107,6.963637053,40.138623995549814,139.98490599999892,0.0005800019115269556,16.356839334752898,0.0
0.01409999999999997,0.01409999999999997,False,True,False,1.2252256827617731,9.80665,101325.0,15.0,0,0,0,4.891232910750533,0.6448399391480771,0.5076,0.019928498985801117,0.0,0.0,0.6829189345001824,0.0,6.819717255067613,6.819717255067613,0.0,0.0,0.0,-2.0757090866339047,-2.0757090866339047,0.8411262708,0.3584865107,6.963637053,40.13862399484129,139.98490599999874,0.0006723456984180008,16.357194304326907,0.0
0.015099999999999964,0.015099999999999964,False,True,False,1.2252256827617731,9.80665,101325.0,15.0,0,0,0,4.891036663286032,0.644835679513189,0.5076,0.019923427991886303,0.0,0.0,0.6829189345001824,0.0,6.81999088871873,6.81999088871873,0.0,0.0,0.0,-2.0757090866339047,-2.0757090866339047,0.8411262708,0.3584865107,6.963637053,40.13862399408044,139.98490599999857,0.0007715091752037674,16.35754927390092,0.0
0.016099999999999958,0.016099999999999958,False,True,False,1.2252256827617731,9.80665,101325.0,15.0,0,0,0,4.890840415821531,0.6448314198783008,0.5076,0.01991835699797149,0.0,0.0,0.6829189345001824,0.0,6.820264544329227,6.820264544329227,0.0,0.0,0.0,-2.0757090866339047,-2.0757090866339047,0.8411262708,0.3584865107,6.963637053,40.13862399326726,139.98490599999838,0.000877492615515711,16.357904243474934,0.0
0.017099999999999952,0.017099999999999952,False,True,False,1.2252256827617731,9.80665,101325.0,15.0,0,0,0,4.89064416835703,0.6448271602434127,0.5076,0.019913286004056674,0.0,0.0,0.6829189345001824,0.0,6.820538221901746,6.820538221901746,0.0,0.0,0.0,-2.0757090866339047,-2.0757090866339047,0.8411262708,0.3584865107,6.963637053,40.13862399240175,139.98490599999818,0.0009902962930072466,16.358259213048946,0.0
0.018099999999999946,0.018099999999999946,False,True,False,1.2252256827617731,9.80665,101325.0,15.0,0,0,0,4.890447920892528,0.6448229006085245,0.5076,0.01990821501014186,0.0,0.0,0.6829189345001824,0.0,6.820811921438932,6.820811921438932,0.0,0.0,0.0,-2.0757090866339047,-2.0757090866339047,0.8411262708,0.3584865107,6.963637053,40.138623991483904,139.98490599999795,0.0011099204813537502,16.358614182622958,0.0
0.01909999999999994,0.01909999999999994,False,True,False,1.2252256827617731,9.80665,101325.0,15.0,0,0,0,4.890251673428027,0.6448186409736364,0.5076,0.019903144016227045,0.0,0.0,0.6829189345001824,0.0,6.821085642943429,6.821085642943429,0.0,0.0,0.0,-2.0757090866339047,-2.0757090866339047,0.8411262708,0.3584865107,6.963637053,40.13862399051373,139.98490599999772,0.0012363654542525632,16.35896915219697,0.0
0.020099999999999934,0.020099999999999934,False,True,False,1.2252256827617731,9.80665,101325.0,15.0,0,0,0,4.890055425963526,0.6448143813387482,0.5076,0.01989807302231223,0.0,0.0,0.6829189345001824,0.0,6.821359386417883,6.821359386417883,0.0,0.0,0.0,-2.0757090866339047,-2.0757090866339047,0.8411262708,0.3584865107,6.963637053,40.13862398949122,139.98490599999747,0.0013696314854229924,16.35932412177098,0.0
0.021099999999999928,0.021099999999999928,False,True,False,1.2252256827617731,9.80665,101325.0,15.0,0,0,0,4.889859178499025,0.6448101217038601,0.5076,0.019893002028397416,0.0,0.0,0.6829189345001824,0.0,6.821633151864938,6.821633151864938,0.0,0.0,0.0,-2.0757090866339047,-2.0757090866339047,0.8411262708,0.3584865107,6.963637053,40.13862398841637,139.9849059999972,0.0015097188486063167,16.359679091344997,0.0
0.022099999999999922,0.022099999999999922,False,True,False,1.2252256827617731,9.80665,101325.0,15.0,0,0,0,4.889662931034524,0.644805862068972,0.5076,0.019887931034482602,0.0,0.0,0.6829189345001824,0.0,6.821906939287239,6.821906939287239,0.0,0.0,0.0,-2.0757090866339047,-2.0757090866339047,0.8411262708,0.3584865107,6.963637053,40.13862398728918,139.98490599999693,0.0016566278175657854,16.360034060919006,0.0
0.023099999999999916,0.023099999999999916,False,True,False,1.2252256827617731,9.80665,101325.0,15.0,0,0,0,4.8894666835700225,0.6448016024340838,0.5076,0.019882860040567787,0.0,0.0,0.6829189345001824,0.0,6.822180748687433,6.822180748687433,0.0,0.0,0.0,-2.0757090866339047,-2.0757090866339047,0.8411262708,0.3584865107,6.963637053,40.13862398610965,139.98490599999664,0.001810358666086623,16.360389030493018,0.0
0.02409999999999991,0.02409999999999991,False,True,False,1.2252256827617731,9.80665,101325.0,15.0,0,0,0,4.889270436105521,0.6447973427991956,0.5076,0.019877789046652973,0.0,0.0,0.6829189345001824,0.0,6.822454580068167,6.822454580068167,0.0,0.0,0.0,-2.0757090866339047,-2.0757090866339047,0.8411262708,0.3584865107,6.963637053,40.138623984877775,139.98490599999636,0.0019709116679760322,16.360744000067033,0.0
0.025099999999999904,0.025099999999999904,False,True,False,1.2252256827617731,9.80665,101325.0,15.0,0,0,0,4.88907418864102,0.6447930831643075,0.5076,0.01987271805273816,0.0,0.0,0.6829189345001824,0.0,6.822728433432087,6.822728433432087,0.0,0.0,0.0,-2.0757090866339047,-2.0757090866339047,0.8411262708,0.3584865107,6.963637053,40.138623983593554,139.98490599999604,0.002138287097063196,16.361098969641045,0.0
0.026099999999999898,0.026099999999999898,False,True,False,1.2252256827617731,9.80665,101325.0,15.0,0,0,0,4.888877941176519,0.6447888235294194,0.5076,0.019867647058823344,0.0,0.0,0.6829189345001824,0.0,6.82300230878184,6.82300230878184,0.0,0.0,0.0,-2.0757090866339047,-2.0757090866339047,0.8411262708,0.3584865107,6.963637053,40.13862398225698,139.98490599999573,0.0023124852271992806,16.361453939215057,0.0
0.02709999999999989,0.02709999999999989,False,True,False,1.2252256827617731,9.80665,101325.0,15.0,0,0,0,4.888681693712018,0.6447845638945312,0.5076,0.01986257606490853,0.0,0.0,0.6829189345001824,0.0,6.823276206120075,6.823276206120075,0.0,0.0,0.0,-2.0757090866339047,-2.0757090866339047,0.8411262708,0.3584865107,6.963637053,40.13862398086806,139.9849059999954,0.0024935063322574368,16.36180890878907,0.0
0.028099999999999885,0.028099999999999885,False,True,False,1.2252256827617731,9.80665,101325.0,15.0,0,0,0,4.8884854462475165,0.6447803042596431,0.5076,0.019857505070993715,0.0,0.0,0.6829189345001824,0.0,6.823550125449439,6.823550125449439,0.0,0.0,0.0,-2.0757090866339047,-2.0757090866339047,0.8411262708,0.3584865107,6.963637053,40.13862397942679,139.98490599999505,0.0026813506861328032,16.36216387836308,0.0
0.02909999999999988,0.02909999999999988,False,True,False,1.2252256827617731,9.80665,101325.0,15.0,0,0,0,4.888289198783015,0.6447760446247549,0.5076,0.0198524340770789,0.0,0.0,0.6829189345001824,0.0,6.823824066772581,6.823824066772581,0.0,0.0,0.0,-2.0757090866339047,-2.0757090866339047,0.8411262708,0.3584865107,6.963637053,40.13862397793316,139.98490599999468,0.0028760185627425107,16.362518847937096,0.0
0.030099999999999873,0.030099999999999873,False,True,False,1.2252256827617731,9.80665,101325.0,15.0,0,0,0,4.888092951318514,0.6447717849898668,0.5076,0.019847363083164087,0.0,0.0,0.6829189345001824,0.0,6.82409803009215,6.82409803009215,0.0,0.0,0.0,-2.0757090866339047,-2.0757090866339047,0.8411262708,0.3584865107,6.963637053,40.13862397638717,139.9849059999943,0.003077510236025684,16.362873817511105,0.0
0.031099999999999867,0.031099999999999867,False,True,False,1.2252256827617731,9.80665,101325.0,15.0,0,0,0,4.887896703854013,0.6447675253549786,0.5076,0.019842292089249272,0.0,0.0,0.6829189345001824,0.0,6.8243720154107965,6.8243720154107965,0.0,0.0,0.0,-2.0757090866339047,-2.0757090866339047,0.8411262708,0.3584865107,6.963637053,40.13862397478883,139.9849059999939,0.0032858259799434433,16.363228787085117,0.0
0.03209999999999989,0.03209999999999989,False,True,False,1.2252256827617731,9.80665,101325.0,15.0,0,0,0,4.887700456389512,0.6447632657200905,0.5076,0.019837221095334458,0.0,0.0,0.6829189345001824,0.0,6.8246460227311685,6.8246460227311685,0.0,0.0,0.0,-2.0757090866339047,-2.0757090866339047,0.8411262708,0.3584865107,6.963637053,40.13862397313812,139.98490599999352,0.003500966068478905,16.363583756659132,0.0
0.03309999999999992,0.03309999999999992,False,True,False,1.2252256827617731,9.80665,101325.0,15.0,0,0,0,4.8875042089250105,0.6447590060852023,0.5076,0.019832150101419643,0.0,0.0,0.6829189345001824,0.0,6.8249200520559175,6.8249200520559175,0.0,0.0,0.0,-2.0757090866339047,-2.0757090866339047,0.8411262708,0.3584865107,6.963637053,40.138623971435045,139.98490599999312,0.0037229307756371927,16.363938726233144,0.0
0.03409999999999995,0.03409999999999995,False,True,False,1.2252256827617731,9.80665,101325.0,15.0,0,0,0,4.887307961460509,0.6447547464503142,0.5076,0.01982707910750483,0.0,0.0,0.6829189345001824,0.0,6.825194103387694,6.825194103387694,0.0,0.0,0.0,-2.0757090866339047,-2.0757090866339047,0.8411262708,0.3584865107,6.963637053,40.138623969679614,139.9849059999927,0.003951720375445427,16.364293695807156,0.0
0.03509999999999998,0.03509999999999998,False,True,False,1.2252256827617731,9.80665,101325.0,15.0,0,0,0,4.887111713996008,0.644750486815426,0.5076,0.019822008113590014,0.0,0.0,0.6829189345001824,0.0,6.8254681767291485,6.8254681767291485,0.0,0.0,0.0,-2.0757090866339047,-2.0757090866339047,0.8411262708,0.3584865107,6.963637053,40.13862396787181,139.98490599999226,0.0041873351419527425,16.364648665381168,0.0
0.03610000000000001,0.03610000000000001,False,True,False,1.2252256827617731,9.80665,101325.0,15.0,0,0,0,4.886915466531507,0.6447462271805379,0.5076,0.0198169371196752,0.0,0.0,0.6829189345001824,0.0,6.825742272082934,6.825742272082934,0.0,0.0,0.0,-2.0757090866339047,-2.0757090866339047,0.8411262708,0.3584865107,6.963637053,40.138623966011636,139.9849059999918,0.004429775349230278,16.36500363495518,0.0
0.037100000000000036,0.037100000000000036,False,True,False,1.2252256827617731,9.80665,101325.0,15.0,0,0,0,4.886719219067006,0.6447419675456497,0.5076,0.019811866125760386,0.0,0.0,0.6829189345001824,0.0,6.826016389451701,6.826016389451701,0.0,0.0,0.0,-2.0757090866339047,-2.0757090866339047,0.8411262708,0.3584865107,6.963637053,40.1386239640991,139.98490599999135,0.004679041271371186,16.365358604529195,0.0
0.038100000000000064,0.038100000000000064,False,True,False,1.2252256827617731,9.80665,101325.0,15.0,0,0,0,4.8865229716025045,0.6447377079107616,0.5076,0.01980679513184557,0.0,0.0,0.6829189345001824,0.0,6.826290528838102,6.826290528838102,0.0,0.0,0.0,-2.0757090866339047,-2.0757090866339047,0.8411262708,0.3584865107,6.963637053,40.138623962134176,139.98490599999087,0.004935133182490635,16.365713574103204,0.0
0.03910000000000009,0.03910000000000009,False,True,False,1.2252256827617731,9.80665,101325.0,15.0,0,0,0,4.886326724138003,0.6447334482758734,0.5076,0.019801724137930757,0.0,0.0,0.6829189345001824,0.0,6.826564690244792,6.826564690244792,0.0,0.0,0.0,-2.0757090866339047,-2.0757090866339047,0.8411262708,0.3584865107,6.963637053,40.13862396011688,139.9849059999904,0.005198051356725808,16.366068543677216,0.0
0.04010000000000012,0.04010000000000012,False,True,False,1.2252256827617731,9.80665,101325.0,15.0,0,0,0,4.886130476673502,0.6447291886409853,0.5076,0.019796653144015942,0.0,0.0,0.6829189345001824,0.0,6.826838873674422,6.826838873674422,0.0,0.0,0.0,-2.0757090866339047,-2.0757090866339047,0.8411262708,0.3584865107,6.963637053,40.13862395804721,139.98490599998988,0.005467796068235913,16.36642351325123,0.0
0.04110000000000015,0.04110000000000015,False,True,False,1.2252256827617731,9.80665,101325.0,15.0,0,0,0,4.885934229209001,0.6447249290060971,0.5076,0.019791582150101128,0.0,0.0,0.6829189345001824,0.0,6.827113079129647,6.827113079129647,0.0,0.0,0.0,-2.0757090866339047,-2.0757090866339047,0.8411262708,0.3584865107,6.963637053,40.13862395592516,139.98490599998937,0.005744367591202175,16.366778482825243,0.0
0.04210000000000018,0.04210000000000018,False,True,False,1.2252256827617731,9.80665,101325.0,15.0,0,0,0,4.8857379817445,0.644720669371209,0.5076,0.019786511156186314,0.0,0.0,0.6829189345001824,0.0,6.82738730661312,6.82738730661312,0.0,0.0,0.0,-2.0757090866339047,-2.0757090866339047,0.8411262708,0.3584865107,6.963637053,40.138623953750724,139.98490599998885,0.006027766199827848,16.367133452399255,0.0
0.04310000000000021,0.04310000000000021,False,True,False,1.2252256827617731,9.80665,101325.0,15.0,0,0,0,4.8855417342799985,0.6447164097363208,0.5076,0.0197814401622715,0.0,0.0,0.6829189345001824,0.0,6.827661556127495,6.827661556127495,0.0,0.0,0.0,-2.0757090866339047,-2.0757090866339047,0.8411262708,0.3584865107,6.963637053,40.138623951523904,139.9849059999883,0.006317992168338212,16.367488421973267,0.0
0.044100000000000236,0.044100000000000236,False,True,False,1.2252256827617731,9.80665,101325.0,15.0,0,0,0,4.885345486815497,0.6447121501014327,0.5076,0.019776369168356685,0.0,0.0,0.6829189345001824,0.0,6.82793582767543,6.82793582767543,0.0,0.0,0.0,-2.0757090866339047,-2.0757090866339047,0.8411262708,0.3584865107,6.963637053,40.1386239492447,139.98490599998777,0.006615045770980578,16.36784339154728,0.0
0.045100000000000265,0.045100000000000265,False,True,False,1.2252256827617731,9.80665,101325.0,15.0,0,0,0,4.885149239350996,0.6447078904665445,0.5076,0.01977129817444187,0.0,0.0,0.6829189345001824,0.0,6.828210121259578,6.828210121259578,0.0,0.0,0.0,-2.0757090866339047,-2.0757090866339047,0.8411262708,0.3584865107,6.963637053,40.13862394691311,139.9849059999872,0.006918927282024289,16.368198361121294,0.0
0.046100000000000294,0.046100000000000294,False,True,False,1.2252256827617731,9.80665,101325.0,15.0,0,0,0,4.884952991886495,0.6447036308316564,0.5076,0.019766227180527056,0.0,0.0,0.6829189345001824,0.0,6.8284844368825945,6.8284844368825945,0.0,0.0,0.0,-2.0757090866339047,-2.0757090866339047,0.8411262708,0.3584865107,6.963637053,40.13862394452912,139.98490599998664,0.007229636975760729,16.368553330695303,0.0
0.04710000000000032,0.04710000000000032,False,True,False,1.2252256827617731,9.80665,101325.0,15.0,0,0,0,4.884756744421994,0.6446993711967682,0.5076,0.01976115618661224,0.0,0.0,0.6829189345001824,0.0,6.828758774547137,6.828758774547137,0.0,0.0,0.0,-2.0757090866339047,-2.0757090866339047,0.8411262708,0.3584865107,6.963637053,40.13862394209275,139.98490599998604,0.007547175126503316,16.368908300269315,0.0
0.04810000000000035,0.04810000000000035,False,True,False,1.2252256827617731,9.80665,101325.0,15.0,0,0,0,4.8845604969574925,0.6446951115618801,0.5076,0.019756085192697427,0.0,0.0,0.6829189345001824,0.0,6.829033134255862,6.829033134255862,0.0,0.0,0.0,-2.0757090866339047,-2.0757090866339047,0.8411262708,0.3584865107,6.963637053,40.138623939603974,139.98490599998544,0.007871542008587511,16.36926326984333,0.0
0.04910000000000038,0.04910000000000038,False,True,False,1.2252256827617731,9.80665,101325.0,15.0,0,0,0,4.884364249492991,0.6446908519269919,0.5076,0.019751014198782613,0.0,0.0,0.6829189345001824,0.0,6.8293075160114265,6.8293075160114265,0.0,0.0,0.0,-2.0757090866339047,-2.0757090866339047,0.8411262708,0.3584865107,6.963637053,40.13862393706281,139.98490599998482,0.008202737896370818,16.369618239417342,0.0
0.05010000000000041,0.05010000000000041,False,True,False,1.2252256827617731,9.80665,101325.0,15.0,0,0,0,4.88416800202849,0.6446865922921038,0.5076,0.019745943204867798,0.0,0.0,0.6829189345001824,0.0,6.829581919816488,6.829581919816488,0.0,0.0,0.0,-2.0757090866339047,-2.0757090866339047,0.8411262708,0.3584865107,6.963637053,40.13862393446924,139.9849059999842,0.008540763064232787,16.369973208991354,0.0
0.05110000000000044,0.05110000000000044,False,True,False,1.2252256827617731,9.80665,101325.0,15.0,0,0,0,4.883971754563989,0.6446823326572156,0.5076,0.019740872210952984,0.0,0.0,0.6829189345001824,0.0,6.829856345673705,6.829856345673705,0.0,0.0,0.0,-2.0757090866339047,-2.0757090866339047,0.8411262708,0.3584865107,6.963637053,40.13862393182327,139.98490599998357,0.00888561778657502,16.370328178565366,0.0
0.052100000000000465,0.052100000000000465,False,True,False,1.2252256827617731,9.80665,101325.0,15.0,0,0,0,4.883775507099488,0.6446780730223275,0.5076,0.01973580121703817,0.0,0.0,0.6829189345001824,0.0,6.8301307935857345,6.8301307935857345,0.0,0.0,0.0,-2.0757090866339047,-2.0757090866339047,0.8411262708,0.3584865107,6.963637053,40.1386239291249,139.9849059999829,0.009237302337821166,16.370683148139378,0.0
0.053100000000000494,0.053100000000000494,False,True,False,1.2252256827617731,9.80665,101325.0,15.0,0,0,0,4.8835792596349865,0.6446738133874393,0.5076,0.019730730223123355,0.0,0.0,0.6829189345001824,0.0,6.830405263555237,6.830405263555237,0.0,0.0,0.0,-2.0757090866339047,-2.0757090866339047,0.8411262708,0.3584865107,6.963637053,40.13862392637412,139.98490599998226,0.009595816992416937,16.371038117713393,0.0
0.05410000000000052,0.05410000000000052,False,True,False,1.2252256827617731,9.80665,101325.0,15.0,0,0,0,4.883383012170485,0.6446695537525512,0.5076,0.01972565922920854,0.0,0.0,0.6829189345001824,0.0,6.83067975558487,6.83067975558487,0.0,0.0,0.0,-2.0757090866339047,-2.0757090866339047,0.8411262708,0.3584865107,6.963637053,40.13862392357094,139.98490599998158,0.00996116202483009,16.3713930872874,0.0
0.05510000000000055,0.05510000000000055,False,True,False,1.2252256827617731,9.80665,101325.0,15.0,0,0,0,4.883186764705984,0.644665294117663,0.5076,0.019720588235293726,0.0,0.0,0.6829189345001824,0.0,6.830954269677295,6.830954269677295,0.0,0.0,0.0,-2.0757090866339047,-2.0757090866339047,0.8411262708,0.3584865107,6.963637053,40.13862392071534,139.9849059999809,0.010333337709550456,16.371748056861414,0.0
0.05610000000000058,0.05610000000000058,False,True,False,1.2252256827617731,9.80665,101325.0,15.0,0,0,0,4.882990517241483,0.6446610344827749,0.5076,0.019715517241378912,0.0,0.0,0.6829189345001824,0.0,6.8312288058351704,6.8312288058351704,0.0,0.0,0.0,-2.0757090866339047,-2.0757090866339047,0.8411262708,0.3584865107,6.963637053,40.13862391780734,139.98490599998019,0.010712344321089915,16.37210302643543,0.0
0.05710000000000061,0.05710000000000061,False,True,False,1.2252256827617731,9.80665,101325.0,15.0,0,0,0,4.882794269776982,0.6446567748478867,0.5076,0.019710446247464097,0.0,0.0,0.6829189345001824,0.0,6.831503364061159,6.831503364061159,0.0,0.0,0.0,-2.0757090866339047,-2.0757090866339047,0.8411262708,0.3584865107,6.963637053,40.13862391484692,139.98490599997947,0.01109818213398242,16.37245799600944,0.0
0.05810000000000064,0.05810000000000064,False,True,False,1.2252256827617731,9.80665,101325.0,15.0,0,0,0,4.8825980223124805,0.6446525152129986,0.5076,0.019705375253549283,0.0,0.0,0.6829189345001824,0.0,6.831777944357919,6.831777944357919,0.0,0.0,0.0,-2.0757090866339047,-2.0757090866339047,0.8411262708,0.3584865107,6.963637053,40.13862391183408,139.98490599997874,0.011490851422783993,16.372812965583453,0.0
0.059100000000000666,0.059100000000000666,False,True,False,1.2252256827617731,9.80665,101325.0,15.0,0,0,0,4.882401774847979,0.6446482555781105,0.5076,0.01970030425963447,0.0,0.0,0.6829189345001824,0.0,6.8320525467281135,6.8320525467281135,0.0,0.0,0.0,-2.0757090866339047,-2.0757090866339047,0.8411262708,0.3584865107,6.963637053,40.13862390876883,139.98490599997803,0.01189035246207272,16.373167935157465,0.0
0.060100000000000695,0.060100000000000695,False,True,False,1.2252256827617731,9.80665,101325.0,15.0,0,0,0,4.882205527383478,0.6446439959432223,0.5076,0.019695233265719654,0.0,0.0,0.6829189345001824,0.0,6.832327171174404,6.832327171174404,0.0,0.0,0.0,-2.0757090866339047,-2.0757090866339047,0.8411262708,0.3584865107,6.963637053,40.13862390565115,139.98490599997726,0.012296685526448765,16.373522904731477,0.0
0.06110000000000072,0.06110000000000072,False,True,False,1.2252256827617731,9.80665,101325.0,15.0,0,0,0,4.882009279918977,0.6446397363083342,0.5076,0.01969016227180484,0.0,0.0,0.6829189345001824,0.0,6.8326018176994525,6.8326018176994525,0.0,0.0,0.0,-2.0757090866339047,-2.0757090866339047,0.8411262708,0.3584865107,6.963637053,40.13862390248106,139.9849059999765,0.01270985089053437,16.373877874305492,0.0
0.06210000000000075,0.06210000000000075,False,True,False,1.2252256827617731,9.80665,101325.0,15.0,0,0,0,4.881813032454476,0.644635476673446,0.5076,0.019685091277890025,0.0,0.0,0.6829189345001824,0.0,6.832876486305922,6.832876486305922,0.0,0.0,0.0,-2.0757090866339047,-2.0757090866339047,0.8411262708,0.3584865107,6.963637053,40.13862389925853,139.98490599997572,0.013129848828973847,16.3742328438795,0.0
0.06310000000000078,0.06310000000000078,False,True,False,1.2252256827617731,9.80665,101325.0,15.0,0,0,0,4.8816167849899745,0.6446312170385579,0.5076,0.01968002028397521,0.0,0.0,0.6829189345001824,0.0,6.833151176996476,6.833151176996476,0.0,0.0,0.0,-2.0757090866339047,-2.0757090866339047,0.8411262708,0.3584865107,6.963637053,40.13862389598359,139.98490599997493,0.013556679616433602,16.374587813453513,0.0
0.06410000000000081,0.06410000000000081,False,True,False,1.2252256827617731,9.80665,101325.0,15.0,0,0,0,4.881420537525473,0.6446269574036697,0.5076,0.019674949290060396,0.0,0.0,0.6829189345001824,0.0,6.833425889773777,6.833425889773777,0.0,0.0,0.0,-2.0757090866339047,-2.0757090866339047,0.8411262708,0.3584865107,6.963637053,40.13862389265621,139.98490599997413,0.013990343527602115,16.374942783027528,0.0
0.06510000000000084,0.06510000000000084,False,True,False,1.2252256827617731,9.80665,101325.0,15.0,0,0,0,4.881224290060972,0.6446226977687816,0.5076,0.019669878296145582,0.0,0.0,0.6829189345001824,0.0,6.83370062464049,6.83370062464049,0.0,0.0,0.0,-2.0757090866339047,-2.0757090866339047,0.8411262708,0.3584865107,6.963637053,40.13862388927641,139.9849059999733,0.014430840837189948,16.37529775260154,0.0
0.06610000000000087,0.06610000000000087,False,True,False,1.2252256827617731,9.80665,101325.0,15.0,0,0,0,4.881028042596471,0.6446184381338934,0.5076,0.019664807302230768,0.0,0.0,0.6829189345001824,0.0,6.833975381599279,6.833975381599279,0.0,0.0,0.0,-2.0757090866339047,-2.0757090866339047,0.8411262708,0.3584865107,6.963637053,40.13862388584417,139.98490599997248,0.014878171819929762,16.375652722175552,0.0
0.0671000000000009,0.0671000000000009,False,True,False,1.2252256827617731,9.80665,101325.0,15.0,0,0,0,4.88083179513197,0.6446141784990053,0.5076,0.019659736308315953,0.0,0.0,0.6829189345001824,0.0,6.834250160652808,6.834250160652808,0.0,0.0,0.0,-2.0757090866339047,-2.0757090866339047,0.8411262708,0.3584865107,6.963637053,40.1386238823595,139.98490599997166,0.015332336750576311,16.376007691749564,0.0
0.06810000000000092,0.06810000000000092,False,True,False,1.2252256827617731,9.80665,101325.0,15.0,0,0,0,4.8806355476674685,0.6446099188641171,0.5076,0.01965466531440114,0.0,0.0,0.6829189345001824,0.0,6.834524961803743,6.834524961803743,0.0,0.0,0.0,-2.0757090866339047,-2.0757090866339047,0.8411262708,0.3584865107,6.963637053,40.138623878822386,139.9849059999708,0.01579333590390643,16.376362661323576,0.0
0.06910000000000095,0.06910000000000095,False,True,False,1.2252256827617731,9.80665,101325.0,15.0,0,0,0,4.880439300202967,0.644605659229229,0.5076,0.019649594320486324,0.0,0.0,0.6829189345001824,0.0,6.83479978505475,6.83479978505475,0.0,0.0,0.0,-2.0757090866339047,-2.0757090866339047,0.8411262708,0.3584865107,6.963637053,40.13862387523284,139.98490599996993,0.016261169554719075,16.37671763089759,0.0
0.07010000000000098,0.07010000000000098,False,True,False,1.2252256827617731,9.80665,101325.0,15.0,0,0,0,4.880243052738466,0.6446013995943408,0.5076,0.01964452332657151,0.0,0.0,0.6829189345001824,0.0,6.835074630408495,6.835074630408495,0.0,0.0,0.0,-2.0757090866339047,-2.0757090866339047,0.8411262708,0.3584865107,6.963637053,40.138623871590845,139.98490599996904,0.016735837977835274,16.3770726004716,0.0
0.07110000000000101,0.07110000000000101,False,True,False,1.2252256827617731,9.80665,101325.0,15.0,0,0,0,4.880046805273965,0.6445971399594527,0.5076,0.019639452332656696,0.0,0.0,0.6829189345001824,0.0,6.835349497867644,6.835349497867644,0.0,0.0,0.0,-2.0757090866339047,-2.0757090866339047,0.8411262708,0.3584865107,6.963637053,40.138623867896406,139.98490599996816,0.017217341448098174,16.37742757004561,0.0
0.07210000000000104,0.07210000000000104,False,True,False,1.2252256827617731,9.80665,101325.0,15.0,0,0,0,4.879850557809464,0.6445928803245645,0.5076,0.01963438133874188,0.0,0.0,0.6829189345001824,0.0,6.835624387434865,6.835624387434865,0.0,0.0,0.0,-2.0757090866339047,-2.0757090866339047,0.8411262708,0.3584865107,6.963637053,40.13862386414953,139.98490599996725,0.017705680240373025,16.377782539619627,0.0
0.07310000000000107,0.07310000000000107,False,True,False,1.2252256827617731,9.80665,101325.0,15.0,0,0,0,4.8796543103449626,0.6445886206896764,0.5076,0.019629310344827067,0.0,0.0,0.6829189345001824,0.0,6.835899299112824,6.835899299112824,0.0,0.0,0.0,-2.0757090866339047,-2.0757090866339047,0.8411262708,0.3584865107,6.963637053,40.1386238603502,139.98490599996634,0.018200854629547184,16.37813750919364,0.0
0.0741000000000011,0.0741000000000011,False,True,False,1.2252256827617731,9.80665,101325.0,15.0,0,0,0,4.879458062880461,0.6445843610547882,0.5076,0.019624239350912252,0.0,0.0,0.6829189345001824,0.0,6.836174232904189,6.836174232904189,0.0,0.0,0.0,-2.0757090866339047,-2.0757090866339047,0.8411262708,0.3584865107,6.963637053,40.13862385649843,139.9849059999654,0.018702864890530118,16.37849247876765,0.0
0.07510000000000112,0.07510000000000112,False,True,False,1.2252256827617731,9.80665,101325.0,15.0,0,0,0,4.87926181541596,0.6445801014199001,0.5076,0.019619168356997438,0.0,0.0,0.6829189345001824,0.0,6.836449188811629,6.836449188811629,0.0,0.0,0.0,-2.0757090866339047,-2.0757090866339047,0.8411262708,0.3584865107,6.963637053,40.1386238525942,139.98490599996447,0.01921171129825341,16.378847448341663,0.0
0.07610000000000115,0.07610000000000115,False,True,False,1.2252256827617731,9.80665,101325.0,15.0,0,0,0,4.879065567951459,0.6445758417850119,0.5076,0.019614097363082623,0.0,0.0,0.6829189345001824,0.0,6.836724166837813,6.836724166837813,0.0,0.0,0.0,-2.0757090866339047,-2.0757090866339047,0.8411262708,0.3584865107,6.963637053,40.138623848637515,139.98490599996353,0.019727394127670748,16.379202417915675,0.0
0.07710000000000118,0.07710000000000118,False,True,False,1.2252256827617731,9.80665,101325.0,15.0,0,0,0,4.878869320486958,0.6445715821501238,0.5076,0.01960902636916781,0.0,0.0,0.6829189345001824,0.0,6.836999166985409,6.836999166985409,0.0,0.0,0.0,-2.0757090866339047,-2.0757090866339047,0.8411262708,0.3584865107,6.963637053,40.13862384462838,139.98490599996256,0.020249913653757952,16.37955738748969,0.0
0.07810000000000121,0.07810000000000121,False,True,False,1.2252256827617731,9.80665,101325.0,15.0,0,0,0,4.878673073022457,0.6445673225152356,0.5076,0.019603955375252995,0.0,0.0,0.6829189345001824,0.0,6.837274189257087,6.837274189257087,0.0,0.0,0.0,-2.0757090866339047,-2.0757090866339047,0.8411262708,0.3584865107,6.963637053,40.13862384056678,139.98490599996157,0.020779270151512957,16.3799123570637,0.0
0.07910000000000124,0.07910000000000124,False,True,False,1.2252256827617731,9.80665,101325.0,15.0,0,0,0,4.878476825557955,0.6445630628803475,0.5076,0.01959888438133818,0.0,0.0,0.6829189345001824,0.0,6.837549233655517,6.837549233655517,0.0,0.0,0.0,-2.0757090866339047,-2.0757090866339047,0.8411262708,0.3584865107,6.963637053,40.13862383645272,139.98490599996057,0.021315463895955823,16.38026732663771,0.0
0.08010000000000127,0.08010000000000127,False,True,False,1.2252256827617731,9.80665,101325.0,15.0,0,0,0,4.878280578093454,0.6445588032454593,0.5076,0.019593813387423366,0.0,0.0,0.6829189345001824,0.0,6.83782430018337,6.83782430018337,0.0,0.0,0.0,-2.0757090866339047,-2.0757090866339047,0.8411262708,0.3584865107,6.963637053,40.13862383228621,139.98490599995958,0.02185849516212874,16.380622296211726,0.0
0.0811000000000013,0.0811000000000013,False,True,False,1.2252256827617731,9.80665,101325.0,15.0,0,0,0,4.878084330628953,0.6445545436105712,0.5076,0.01958874239350855,0.0,0.0,0.6829189345001824,0.0,6.8380993888433155,6.8380993888433155,0.0,0.0,0.0,-2.0757090866339047,-2.0757090866339047,0.8411262708,0.3584865107,6.963637053,40.13862382806722,139.98490599995856,0.022408364225096004,16.380977265785738,0.0
0.08210000000000132,0.08210000000000132,False,True,False,1.2252256827617731,9.80665,101325.0,15.0,0,0,0,4.877888083164452,0.644550283975683,0.5076,0.019583671399593737,0.0,0.0,0.6829189345001824,0.0,6.838374499638026,6.838374499638026,0.0,0.0,0.0,-2.0757090866339047,-2.0757090866339047,0.8411262708,0.3584865107,6.963637053,40.13862382379577,139.98490599995753,0.022965071359944085,16.38133223535975,0.0
0.08310000000000135,0.08310000000000135,False,True,False,1.2252256827617731,9.80665,101325.0,15.0,0,0,0,4.877691835699951,0.6445460243407949,0.5076,0.019578600405678923,0.0,0.0,0.6829189345001824,0.0,6.838649632570172,6.838649632570172,0.0,0.0,0.0,-2.0757090866339047,-2.0757090866339047,0.8411262708,0.3584865107,6.963637053,40.13862381947185,139.98490599995648,0.023528616841781553,16.381687204933762,0.0
0.08410000000000138,0.08410000000000138,False,True,False,1.2252256827617731,9.80665,101325.0,15.0,0,0,0,4.877495588235449,0.6445417647059067,0.5076,0.019573529411764108,0.0,0.0,0.6829189345001824,0.0,6.838924787642427,6.838924787642427,0.0,0.0,0.0,-2.0757090866339047,-2.0757090866339047,0.8411262708,0.3584865107,6.963637053,40.138623815095464,139.98490599995543,0.024099000945739125,16.382042174507774,0.0
0.08510000000000141,0.08510000000000141,False,True,False,1.2252256827617731,9.80665,101325.0,15.0,0,0,0,4.877299340770948,0.6445375050710186,0.5076,0.019568458417849294,0.0,0.0,0.6829189345001824,0.0,6.839199964857463,6.839199964857463,0.0,0.0,0.0,-2.0757090866339047,-2.0757090866339047,0.8411262708,0.3584865107,6.963637053,40.1386238106666,139.98490599995438,0.024676223946969663,16.38239714408179,0.0
0.08610000000000144,0.08610000000000144,False,True,False,1.2252256827617731,9.80665,101325.0,15.0,0,0,0,4.877103093306447,0.6445332454361304,0.5076,0.01956338742393448,0.0,0.0,0.6829189345001824,0.0,6.839475164217953,6.839475164217953,0.0,0.0,0.0,-2.0757090866339047,-2.0757090866339047,0.8411262708,0.3584865107,6.963637053,40.138623806185265,139.9849059999533,0.02526028612064816,16.382752113655798,0.0
0.08710000000000147,0.08710000000000147,False,True,False,1.2252256827617731,9.80665,101325.0,15.0,0,0,0,4.876906845841946,0.6445289858012423,0.5076,0.019558316430019665,0.0,0.0,0.6829189345001824,0.0,6.83975038572657,6.83975038572657,0.0,0.0,0.0,-2.0757090866339047,-2.0757090866339047,0.8411262708,0.3584865107,6.963637053,40.13862380165145,139.9849059999522,0.02585118774197178,16.38310708322981,0.0
0.0881000000000015,0.0881000000000015,False,True,False,1.2252256827617731,9.80665,101325.0,15.0,0,0,0,4.876710598377445,0.6445247261663541,0.5076,0.01955324543610485,0.0,0.0,0.6829189345001824,0.0,6.840025629385988,6.840025629385988,0.0,0.0,0.0,-2.0757090866339047,-2.0757090866339047,0.8411262708,0.3584865107,6.963637053,40.13862379706516,139.98490599995108,0.0264489290861598,16.383462052803825,0.0
0.08910000000000153,0.08910000000000153,False,True,False,1.2252256827617731,9.80665,101325.0,15.0,0,0,0,4.876514350912943,0.644520466531466,0.5076,0.019548174442190036,0.0,0.0,0.6829189345001824,0.0,6.840300895198881,6.840300895198881,0.0,0.0,0.0,-2.0757090866339047,-2.0757090866339047,0.8411262708,0.3584865107,6.963637053,40.13862379242638,139.98490599994997,0.027053510428453675,16.383817022377837,0.0
0.09010000000000155,0.09010000000000155,False,True,False,1.2252256827617731,9.80665,101325.0,15.0,0,0,0,4.876318103448442,0.6445162068965778,0.5076,0.01954310344827522,0.0,0.0,0.6829189345001824,0.0,6.840576183167925,6.840576183167925,0.0,0.0,0.0,-2.0757090866339047,-2.0757090866339047,0.8411262708,0.3584865107,6.963637053,40.13862378773512,139.98490599994884,0.027664932044116998,16.38417199195185,0.0
0.09110000000000158,0.09110000000000158,False,True,False,1.2252256827617731,9.80665,101325.0,15.0,0,0,0,4.876121855983941,0.6445119472616897,0.5076,0.019538032454360407,0.0,0.0,0.6829189345001824,0.0,6.840851493295793,6.840851493295793,0.0,0.0,0.0,-2.0757090866339047,-2.0757090866339047,0.8411262708,0.3584865107,6.963637053,40.13862378299138,139.9849059999477,0.028283194208435527,16.38452696152586,0.0
0.09210000000000161,0.09210000000000161,False,True,False,1.2252256827617731,9.80665,101325.0,15.0,0,0,0,4.87592560851944,0.6445076876268016,0.5076,0.019532961460445593,0.0,0.0,0.6829189345001824,0.0,6.841126825585163,6.841126825585163,0.0,0.0,0.0,-2.0757090866339047,-2.0757090866339047,0.8411262708,0.3584865107,6.963637053,40.13862377819515,139.98490599994653,0.028908297196717166,16.384881931099873,0.0
0.09310000000000164,0.09310000000000164,False,True,False,1.2252256827617731,9.80665,101325.0,15.0,0,0,0,4.875729361054939,0.6445034279919134,0.5076,0.01952789046653078,0.0,0.0,0.6829189345001824,0.0,6.841402180038709,6.841402180038709,0.0,0.0,0.0,-2.0757090866339047,-2.0757090866339047,0.8411262708,0.3584865107,6.963637053,40.13862377334643,139.98490599994537,0.02954024128429199,16.38523690067389,0.0
0.09410000000000167,0.09410000000000167,False,True,False,1.2252256827617731,9.80665,101325.0,15.0,0,0,0,4.875533113590437,0.6444991683570253,0.5076,0.019522819472615964,0.0,0.0,0.6829189345001824,0.0,6.841677556659108,6.841677556659108,0.0,0.0,0.0,-2.0757090866339047,-2.0757090866339047,0.8411262708,0.3584865107,6.963637053,40.138623768445214,139.9849059999442,0.030179026746512242,16.385591870247897,0.0
0.0951000000000017,0.0951000000000017,False,True,False,1.2252256827617731,9.80665,101325.0,15.0,0,0,0,4.875336866125936,0.6444949087221371,0.5076,0.01951774847870115,0.0,0.0,0.6829189345001824,0.0,6.841952955449037,6.841952955449037,0.0,0.0,0.0,-2.0757090866339047,-2.0757090866339047,0.8411262708,0.3584865107,6.963637053,40.13862376349151,139.984905999943,0.030824653858752323,16.38594683982191,0.0
0.09610000000000173,0.09610000000000173,False,True,False,1.2252256827617731,9.80665,101325.0,15.0,0,0,0,4.875140618661435,0.644490649087249,0.5076,0.019512677484786335,0.0,0.0,0.6829189345001824,0.0,6.842228376411174,6.842228376411174,0.0,0.0,0.0,-2.0757090866339047,-2.0757090866339047,0.8411262708,0.3584865107,6.963637053,40.13862375848531,139.9849059999418,0.031477122896408805,16.386301809395924,0.0
0.09710000000000175,0.09710000000000175,False,True,False,1.2252256827617731,9.80665,101325.0,15.0,0,0,0,4.874944371196934,0.6444863894523608,0.5076,0.01950760649087152,0.0,0.0,0.6829189345001824,0.0,6.842503819548196,6.842503819548196,0.0,0.0,0.0,-2.0757090866339047,-2.0757090866339047,0.8411262708,0.3584865107,6.963637053,40.13862375342661,139.98490599994057,0.032136434134900436,16.386656778969936,0.0
0.09810000000000178,0.09810000000000178,False,True,False,1.2252256827617731,9.80665,101325.0,15.0,0,0,0,4.874748123732433,0.6444821298174727,0.5076,0.019502535496956706,0.0,0.0,0.6829189345001824,0.0,6.842779284862781,6.842779284862781,0.0,0.0,0.0,-2.0757090866339047,-2.0757090866339047,0.8411262708,0.3584865107,6.963637053,40.1386237483154,139.98490599993934,0.03280258784966813,16.387011748543948,0.0
0.09910000000000181,0.09910000000000181,False,True,False,1.2252256827617731,9.80665,101325.0,15.0,0,0,0,4.874551876267931,0.6444778701825845,0.5076,0.019497464503041892,0.0,0.0,0.6829189345001824,0.0,6.843054772357608,6.843054772357608,0.0,0.0,0.0,-2.0757090866339047,-2.0757090866339047,0.8411262708,0.3584865107,6.963637053,40.1386237431517,139.9849059999381,0.03347558431617499,16.38736671811796,0.0
0.10000000000000184,0.10000000000000184,False,True,False,1.2252256827617731,9.80665,101325.0,15.0,0,0,0,4.87437525354988,0.6444740365111852,0.5076,0.01949290060851856,0.0,0.0,0.6829189345001824,0.0,6.843302730069272,6.843302730069272,0.0,0.0,0.0,-2.0757090866339047,-2.0757090866339047,0.8411262708,0.3584865107,6.963637053,40.13862373845947,139.98490599993698,0.034087131916456265,16.38768619073457,0.0
